sl,evidence_id,file,sha256_crop,sha256_original,size_kb,notes
1,A01,Screenshot_20261002_214246_Truecaller.jpg,8bfda90542a4e39b5587985b02cafd32,9bba128fcf05fb1fbd54eefdec05a431,208,
2,A02,Screenshot_20261002_214308_Truecaller.jpg,733573673569b9b151486dc7966a8774,3d88b3fc97c23471aee013559ffb9743,237,
3,A03,Screenshot_20261002_214325_Truecaller.jpg,eadb2a2e4982644ca512d3ec2fc4db20,c746419119b1b97ebf5d748d556033e4,227,
4,A04,Screenshot_20261002_214344_Truecaller.jpg,46ed51ad4a58a91849ee311544eaf659,53d9772005c865069cdb0b03a3f7d7f3,184,
5,A05,Screenshot_20261002_214508_Truecaller.jpg,3736c85ffb77972b6a398d82494e651f,029320e71ab674d9f97976f8e1ceed77,211,
6,A06,Screenshot_20261002_214511_Truecaller.jpg,b0f76e43a1b4bb12fa31eefb47cb8ee5,a82fdfd5d15ecba5b438b78e58057bb8,344,
7,A07,Screenshot_20261002_214753_Truecaller.jpg,268ee6fc26b8564d20d99740619db33f,20b2c01831670e7e9eeb4557b143e9bb,135,
8,A08,Screenshot_20261002_214842_Truecaller.jpg,97fc396d300fcd6534506ea5abad9126,01676e79401558b38d6fc08986dfd283,131,
9,A09,Screenshot_20261002_214859_Truecaller.jpg,3625a8378bd3715c3e32d1c1e83975d9,c8a2c5fbad983ad6c26b0c9f39e6e366,236,
10,A10,Screenshot_20261002_214930_Truecaller.jpg,bababece56eb173f6286748543f7fefc,f6fc4bd6803f41de814e45e251d5e5b2,256,
11,A11,Screenshot_20261002_214938_Truecaller.jpg,4b0d7ab9be24e9ad996779a7996becf7,8518148d4e22a0e7fda698a676702119,253,
12,A12,Screenshot_20261002_214942_Truecaller.jpg,524dd31e32b8d3d9f8a983c0a5df416f,4bd3314fc07e2571d3022d02640ebca7,257,
13,A13,Screenshot_20261002_214945_Truecaller.jpg,60d638c1429e59f02def8b0879df4e01,1b75a0a9a3d7d5561acbabd446f729ee,252,
14,A14,Screenshot_20261002_215014_Truecaller.jpg,3320db016fa9705bdd573703adda92e8,0f616758576639feae3e5f09412c8467,253,
15,A15,Screenshot_20261002_215102_Truecaller.jpg,10d71e94f6aabd3e3d949444402b3005,96e36d4b2d5bb467bf5cc15cfc9eee39,258,
16,A16,Screenshot_20261002_215106_Truecaller.jpg,a2f1d2e340563c9e2a1dc6c2dbf566f2,6dffb121ed16d4256e60e9c5657ecd56,290,
17,A17,Screenshot_20261002_215212_Truecaller.jpg,a8762f7a3b9908378034e8719036799b,105bbd741a732917af24a96a45c9c09c,260,
18,A18,Screenshot_20261002_215400_Truecaller.jpg,e3d661bed360e475d487b0f3d9251716,89cb735a692264298ed930092b10bd0e,182,
19,A19,Screenshot_20261002_215404_Truecaller.jpg,220888134ed07f92b1d967e533f2fd95,d26f53052a103054781fe43a2f92e685,210,
20,A20,Screenshot_20261002_215408_Truecaller.jpg,94244c00338ce8f1b0ee47a494f2834d,dec043d9db5121d7cb028b5f122df3e0,175,
21,A21,Screenshot_20261002_215411_Truecaller.jpg,4ebf0fb58e403c28bc2ec3965641e747,4ad19c394dc77c502de1d7347d8bfd3e,132,
22,A22,Screenshot_20261002_215419_Truecaller.jpg,500a425666c11a93ce78ce845ae64be7,9e94e7d2dbe0b28002bf0d4ef41864de,280,
23,A23,Screenshot_20261002_215423_Truecaller.jpg,70af4a84fba6a92fc771d04a57aa2ca3,aba1be6409a4616da1c57f85652ecf5b,249,
24,A24,Screenshot_20261002_215427_Truecaller.jpg,a3256bd3cd8aeb0cf44f8c900baa1c49,178d067ee2e9c2bdcc391c1455ba76e3,176,
25,A25,Screenshot_20261002_215453_Truecaller.jpg,c094dd9cc496e39d6d3428d30b83a2f6,a5c6a9329c88cd8c889c06f1f347fcc0,164,
26,A26,Screenshot_20261002_215456_Truecaller.jpg,63bd0ce3b77afba75b42b23ac2d082ea,60197bbf7d2bcda230fd559750427804,158,
27,A27,Screenshot_20261002_215459_Truecaller.jpg,ffedd0f0f3c495c8af8d660c47b65285,61fef7faeb2195fffc63cee4ec7d4f76,214,
28,A28,Screenshot_20261002_215503_Truecaller.jpg,d4d851852e7416a6a2689ee1d7c714dd,9c9b6e448f5f5c9af6fc31a3f1273bc6,220,
